{"DEBWIS": {"cn2_z": [-0.03587262053208551, -0.09733405013057606, -0.13518258880098105], "cn2_y": [-0.09081528941164371, -0.0760612189555494, -0.004588095256789965], "cn2_x": [0.02584031885213965, 0.02388772068237817, 0.024522225209412954], "dm2": [3.938182194888982, 3.8826929302896303, 3.8347752571714695], "dn2": [1.3821739335010204, 1.372628236860924, 1.3636467964162904], "m2n2_angle": [89.50494813254898, 89.77664988456843, 89.42905114611938]}, "LECKUB": {"cn2_z": [-2.4517055052797332e-11, -2.5265234349092225e-11, -2.7057411866593384e-11, 3.774758283725532e-15, 4.6629367034256575e-14, 7.906231225263127e-12], "cn2_y": [-3.4165482942771774e-12, 2.8609135459961577e-12, -4.3103007274503113e-11, 1.7316009737200488e-14, 8.43769498715119e-15, 4.754592553002368e-11], "cn2_x": [4.047109869453891e-11, 4.298814082481783e-11, 4.49705273020129e-11, 1.609823385706477e-14, 3.1280533718813786e-14, -1.3224199513217627e-11], "dm2": [4.458166910068094, 4.348734856072589, 4.297490266915419, 4.196552175349449, 4.131304000838056, 4.086194382978995], "dn2": [1.2530680430842283, 1.2473520965052078, 1.2436196792221674, 1.2411911792430086, 1.2411799413574873, 1.2414634892467855], "m2n2_angle": [90.23295257660352, 89.7343544448602, 89.65222638462122, 90.19300477936953, 91.03445148095024, 91.38613074146399]}, "ERIJAQ": {"cn2_z": [-0.02332449372201656, -0.010015931472733164, 0.0048443267403327495, 0.018876806829001225, 0.0015700737449754754, -0.013950664962026238], "cn2_y": [-1.43525992492413e-05, -1.3426958146087383e-05, 4.245747451694849e-06, -0.0003490785028795538, -0.22349455426474552, -0.27178550477177116], "cn2_x": [-9.923276974758026e-06, -4.103858939102342e-06, -1.7751879875125957e-06, -1.5884337592200423e-06, 0.0016958510436139163, 0.005460434661100029], "dm2": [3.9946958875224254, 3.9004765640256123, 3.8390914634659956, 3.7689899862971563, 3.6990322530316098, 3.6583875216692805], "dn2": [1.3708295946784845, 1.3992886871151935, 1.4170210845175626, 1.4377844027623878, 1.445226134527343, 1.4508314327345178], "m2n2_angle": [89.99993160162408, 90.00020538592524, 90.00019525651683, 89.99587205285354, 87.5816873170474, 86.9632560948298]}, "WEZVED": {"cn2_z": [-0.02357515004473315, -0.04722994053125945, -0.03496225591369306, 0.0788153801128646], "cn2_y": [-0.20033634061844033, -0.24498811017709926, -0.24510330800101293, 0.03425807870159827], "cn2_x": [-0.002345806396748404, -0.006423850826901861, -0.005763713383081778, 0.005563002037550557], "dm2": [3.8981733228007625, 3.8348916545835596, 3.808366638892088, 3.8188052691528176], "dn2": [1.3933304384894545, 1.3919575182340203, 1.379030876869938, 1.358292147924068], "m2n2_angle": [90.77160957316725, 90.52737504659969, 90.5823512998828, 91.89299546334156]}, "LECKEL": {"cn2_z": [0.0020416682887297033, -0.06334283393970186, -0.11116168892201073, -0.17217821521249732], "cn2_y": [0.028717957266077225, 0.024002556589216614, -0.12965280982673855, -0.10397866384511856], "cn2_x": [-0.0012364519128473944, 0.003031815736301499, 0.018434623016204132, 0.4884376740127635], "dm2": [4.398374953162469, 4.2830912589126005, 4.287470888480023, 6.211096144300742], "dn2": [1.2564011799869055, 1.2500276225655358, 1.2299767405298823, 1.1080704739712748], "m2n2_angle": [90.14703984992948, 90.42617477404234, 89.21684055039853, 73.45017945114036]}, "AQOWIM": {"cn2_z": [2.2341462013741875e-11, 4.3226366930326776e-11, 1.0080558610070511e-10, 8.349188007628072e-11, 1.1351963813410748e-10, -1.3130324605370447e-10], "cn2_y": [4.396386033000965e-11, -1.2079143241194856e-11, -5.6062710029891605e-11, -6.692632559257561e-11, -1.1112843978366982e-10, -1.0647732695545642e-10], "cn2_x": [6.749211432788282e-12, -1.474603772422256e-11, 1.0397265513828469e-11, 4.605538173052537e-12, -2.6189272105126005e-11, -6.691252153051552e-12], "dm2": [4.432862588202901, 4.348176811792701, 4.284054499525969, 4.198655271913776, 4.249482225822783, 4.294128939049706], "dn2": [1.2526196255619528, 1.2530653786825332, 1.2542951489073006, 1.2597911459013942, 1.2446287604415054, 1.2519179467833481], "m2n2_angle": [88.82075510968565, 89.04630281400188, 88.68731620950021, 88.24906851033994, 89.15642114936787, 89.50485170158052]}, "EYUJAK": {"cn2_z": [-0.024250282842013693, -0.07357268139356232, -0.10727628455662619, -0.20315526113483418, -0.23728241318463023, -0.20286299741487904], "cn2_y": [-0.06650211001634485, -0.01384084013048209, -0.07341865019187985, -0.25176040765255975, -0.2207464424145748, -0.1569195696227192], "cn2_x": [-0.008056300341718975, -0.0008354839206592139, -0.0061194515529838095, 0.008274519761926192, 0.0066864048744649865, -0.0003895481913647036], "dm2": [4.4503827468505985, 4.340678388656714, 4.296615656847179, 4.206931452295943, 4.112955052449519, 4.058005547255094], "dn2": [1.2464640390334223, 1.2460043344221772, 1.2453379040168415, 1.2358959792919533, 1.23139042348495, 1.2313089110130382], "m2n2_angle": [89.63799065367539, 90.24863957083608, 89.1489736603728, 87.199265656507, 87.54269583954174, 88.33062847257749]}, "SULKIT": {"cn2_z": [-2.0537016531818608e-11, -1.5436485423236945e-11, -1.9262369477246466e-14], "cn2_y": [-3.404793114114568e-11, -3.9598102574700533e-11, -5.329070518200751e-15], "cn2_x": [2.995036163522258e-11, 2.5180413310010863e-11, -6.13398221105399e-15], "dm2": [4.290927068737675, 4.637842456263984, 4.334962239431705], "dn2": [1.1597519282456907, 1.1447600783751253, 1.1514235569929123], "m2n2_angle": [89.37647485105781, 127.9055877130416, 116.9119745484032]}, "LECKIP": {"cn2_z": [3.4900637935209033e-11, 6.0512428401438e-11, 4.6539827547320556e-11, 1.9673984663626243e-11, 4.320754865005938e-11, 4.536748754446762e-11], "cn2_y": [-3.190365679972551e-11, -1.2128062443217402e-11, -4.970697464745655e-11, 7.182608674494162e-12, 4.008238185804203e-12, -1.1524253773487203e-12], "cn2_x": [1.2506641555720677e-11, -2.4007919784130305e-11, -4.595568370291403e-11, -4.303761513835269e-11, -8.676775964389094e-11, -8.678160967612314e-11], "dm2": [4.429994753337851, 4.355729832741548, 4.244648802552197, 4.125010938979069, 4.091756483377987, 4.055330513661983], "dn2": [1.2448714479149552, 1.24389213376073, 1.2471621243184052, 1.2512531136303522, 1.2514009964826522, 1.257356094355229], "m2n2_angle": [88.49750533171074, 88.81946312721804, 89.24204172641791, 89.46119855519943, 89.07571543519978, 89.29839562882755]}, "VISKIS": {"cn2_z": [-0.0018507096341030538, 0.029255699695829918, 0.011834489228253864, 0.030539533498696092, 0.09285380731471682, 0.12142062753321606], "cn2_y": [0.30507492348543086, 0.38603604962829907, 0.3503667333596129, 0.3921204061763528, 0.33274761442928286, 0.37509024519218215], "cn2_x": [0.0012795778655195485, 0.0005937037916990285, 0.007586450304600179, 0.009490685018910249, -0.008449379029729146, -0.01107921303991808], "dm2": [4.1240150367212145, 4.010576615100308, 4.002979265921583, 3.9287942761131496, 3.9040455975606965, 3.8644381801076104], "dn2": [1.2584471380508186, 1.262051947607583, 1.2553165036345415, 1.2474598584258232, 1.2449300642354177, 1.239313866744564], "m2n2_angle": [89.30484765063653, 88.87649228079066, 88.03678059599432, 87.37364794008742, 87.73555231660072, 87.53984932021245]}, "IJIHUE": {"cn2_z": [2.8594571155338144e-11, -2.6912361228426107e-12, -1.2318585040915764e-10], "cn2_y": [2.4942464760258076e-11, -3.71927488806989e-12, 3.5595998371107385e-11], "cn2_x": [-3.2561050210266895e-11, -8.635026461228934e-11, -1.6899089766431175e-10], "dm2": [4.0411920564524415, 4.010193222143783, 3.946612333944571], "dn2": [1.3259067419717356, 1.3230030559307489, 1.328820993024917], "m2n2_angle": [91.33100535323806, 90.86648827769974, 90.9504906257188]}, "REBREW": {"cn2_z": [-0.008333230035704797, -0.008268322068072431, 0.004955577597108296, 0.016366792182009204, -0.0025531225091672827, -0.021544144348519367], "cn2_y": [-1.5065096469352584e-05, 1.8450447619051567e-05, 8.865691086202473e-06, 2.000703366371068e-05, 0.002216491234999742, 0.02668934840752644],