{"DEBWIS": {"cn2_z": [1.3095325565949698, -0.19233426987529362, -1.1171982867196761], "cn2_y": [-0.8939119106588369, -0.5020915260890302, 1.3960034367478673], "cn2_x": [1.3405593256179598, -1.0603764724268514, -0.28018285319110425], "dm2": [1.2535177527807086, -0.05973159962344122, -1.1937861531572675], "dn2": [1.236987130133181, -0.02486309927695263, -1.2121240308562575], "m2n2_angle": [-0.43738786547403663, 1.3833908423886838, -0.9460029769145519]}, "LECKUB": {"cn2_z": [-0.9056579407539859, -0.9576344858676126, -1.0821383261253243, 0.7978214567791867, 0.80079859677234, 1.346810699195396], "cn2_y": [-0.15497237837533573, 0.08412810371450469, -1.6665787753642058, -0.02418088470929344, -0.024519048347862, 1.7861229830821923], "cn2_x": [0.8842352537886701, 0.9889116092140319, 1.071353213580148, -0.798168849032702, -0.7975374619782761, -1.3487937655718722], "dm2": [1.5961775511544114, 0.7445011666422018, 0.3456801190085288, -0.43989033997233784, -0.9476970322068434, -1.2987714646259814], "dn2": [1.9374438296260077, 0.6225632282185073, -0.23603175932754375, -0.7946772030821486, -0.7972623353027652, -0.7320357601320574], "m2n2_angle": [-0.21818719600406472, -0.9995165036133469, -1.1282154624671574, -0.28078748021335126, 1.037803438764706, 1.5889032035331923]}, "ERIJAQ": {"cn2_z": [-1.4257720551230326, -0.4605098596875906, 0.6172959317121467, 1.6350634624250597, 0.3798162869909588, -0.7458937663175421], "cn2_y": [0.702784796358729, 0.7027926725136466, 0.7029430471746536, 0.6999366589295075, -1.1987780051759278, -1.6096791698006094], "cn2_x": [-0.5974052554851712, -0.5945074997030461, -0.5933479473778321, -0.5932549538617184, 0.25197820007707017, 2.1265374563506976], "dm2": [1.597275371260689, 0.7819580936518638, 0.25076840541658957, -0.3558475561551199, -0.9612196445641286, -1.31293466960989], "dn2": [-1.7517860637955798, -0.7412399789700346, -0.11158515742622531, 0.6256937985685279, 0.8899402047433456, 1.0889771968799504], "m2n2_angle": [0.7010612306557382, 0.7012722134555041, 0.7012644075625546, 0.6979328739100278, -1.1624785980384573, -1.6390521275453236]}, "WEZVED": {"cn2_z": [-0.33608715644629483, -0.8082613237387716, -0.5633856072446637, 1.7077340874297302], "cn2_y": [-0.31305488286074007, -0.6982007767091808, -0.6991944208424181, 1.71045008041234], "cn2_x": [-0.021661119830282165, -0.87750229741652, -0.7389621669779488, 1.6381255842247509], "dm2": [1.6672041975753409, -0.14824954361248882, -0.9092114513622166, -0.6097432026006225], "dn2": [0.9014490950508449, 0.8038274133228247, -0.1153231812305198, -1.5899533271431656], "m2n2_angle": [-0.30953830341122396, -0.7491411547947038, -0.6501882424391613, 1.708867700645089]}, "LECKEL": {"cn2_z": [1.3806698106768889, 0.3571729048487015, -0.3913599805688763, -1.3464827349567141], "cn2_y": [1.0244561738799636, 0.959128216780023, -1.169639171886559, -0.8139452187734275], "cn2_x": [-0.6152295510547402, -0.5947786512976373, -0.5209779214577276, 1.730986123810105], "dm2": [-0.4843591345773953, -0.6251408142930556, -0.6197925158103776, 1.7292924646808285], "dn2": [0.7510873779823484, 0.645370317007482, 0.3127899103956429, -1.709247605385466], "m2n2_angle": [0.6065697422034477, 0.6456095238863491, 0.4764721641569458, -1.7286514302467346]}, "AQOWIM": {"cn2_z": [-0.19850108649853088, 0.05523061039090688, 0.7547632653884051, 0.544418232621053, 0.909226884430981, -2.065137906332815], "cn2_y": [1.766541265933343, 0.7289505629814286, -0.08536946047400736, -0.2865004811189522, -1.1048667322644115, -1.0187551550574], "cn2_x": [0.8519963210227084, -0.8036243620656189, 1.1329790509960889, 0.6868849626626539, -1.6850124020024306, -0.18322357061340105], "dm2": [1.772938029750616, 0.632347408619386, -0.23128413704208423, -1.381483877722348, -0.6969209040244402, -0.09559651958116548], "dn2": [-0.02249009054367726, 0.07771795113127714, 0.3541778573988196, 1.5897117670941219, -1.8188856916920413, -0.18023179338874976], "m2n2_angle": [-0.22898277775484333, 0.3446713092243043, -0.5683689430250359, -1.6830004773811595, 0.6247443577421354, 1.5109365311944907]}, "EYUJAK": {"cn2_z": [1.5066758305271113, 0.8723347838198545, 0.43886886293769456, -0.7942416942521763, -1.2331549261336296, -0.7904828568988562], "cn2_y": [0.7434054575783912, 1.354824296775815, 0.663101602875426, -1.4075189986287224, -1.0474342026141732, -0.30637815598673523], "cn2_x": [-1.3294374812369663, -0.12692771256989696, -1.0068867538576944, 1.3901955297481978, 1.1257207730755414, -0.05266435515918173], "dm2": [1.537409989642298, 0.7191510398965151, 0.3904975091983133, -0.2784358334058627, -0.9793836490188215, -1.3892390563124488], "dn2": [1.051693801538233, 0.9832504308559654, 0.8840285780605823, -0.5217375119276227, -1.1925496349409879, -1.2046856635859389], "m2n2_angle": [0.8698532664322889, 1.4270541394113272, 0.4236382844476682, -1.3554183408543845, -1.0420474457022795, -0.3230799037346853]}, "SULKIT": {"cn2_z": [-0.979049916145197, -0.394271368165558, 1.3733212843107552], "cn2_y": [-0.5426105182536527, -0.8597033036658592, 1.4023138219195121], "cn2_x": [0.880773183771829, 0.5178299541313867, -1.398603137903216], "dm2": [-0.8450623729047216, 1.4045709969618334, -0.5595086240571119], "dn2": [1.2674795512716384, -1.1769908136754945, -0.09048873759614379], "m2n2_angle": [-1.3588951899637456, 1.0186420775726812, 0.34025311239106515]}, "LECKIP": {"cn2_z": [-0.5478061076857411, 1.5155693443784453, 0.3898877313771032, -1.7745185711936755, 0.12142768423176982, 0.29543991889209936], "cn2_y": [-0.873093082732628, 0.08860394057777289, -1.7388773150825019, 1.0276915147480865, 0.8733202935942277, 0.6223546488950431], "cn2_x": [1.6748878139582024, 0.6237168131392983, -0.008109289042738136, 0.07589525437540945, -1.1829959407838735, -1.1833946516462988], "dm2": [1.5335177064123995, 0.9986285288302272, 0.19857326174198914, -0.6631121469340363, -0.9026256112262375, -1.1649817388243355], "dn2": [-0.9692038587085863, -1.1824394447828825, -0.47043262856874596, 0.4203382234536197, 0.45253819375374327, 1.7491995148529484], "m2n2_angle": [-1.7602095290041988, -0.7628519391686491, 0.5462077546647387, 1.2251095535950371, 0.030963858568940527, 0.7207803013444838]}, "VISKIS": {"cn2_z": [-1.1069694105113541, -0.4069942521951039, -0.7990168230344795, -0.37810465070232563, 1.0241286709610098, 1.6669564654822537], "cn2_y": [-1.6769022973834875, 0.9424511805409044, -0.21156621119714863, 1.1392997329801722, -0.7816015188419992, 0.5883191139015534], "cn2_x": [0.18179585090509207, 0.09117487441103789, 1.0150901258574991, 1.2666867612623407, -1.1036406567106025, -1.4511069557253673], "dm2": [1.777520417005415, 0.4469223335844569, 0.35780774514215996, -0.5123595566172024, -0.8026540069326714, -1.2672369321821997], "dn2": [0.9018311546264881, 1.353731490829634, 0.5093735995276286, -0.47553851728205127, -0.7926745066226624, -1.496723221079037], "m2n2_angle": [1.635259437063317, 1.0315702964898363, -0.1518509023773754, -1.0864160118907256, -0.5763774845210282, -0.8521853347641443]}, "IJIHUE": {"cn2_z": [0.9325674882912454, 0.4544433651742989, -1.3870108534655443], "cn2_y": [0.36156363573388284, -1.3648231190833184, 1.003259483349436], "cn2_x": [1.1300192938580145, 0.17139533447149632, -1.3014146283295107], "dm2": [1.063279302507259, 0.27587371931351595, -1.339153021820809], "dn2": [-0.0014827062330747087, -1.2240028451495966, 1.2254855513827647], "m2n2_angle": [1.3937059245371617, -0.9046698213837095, -0.4890361031535224]}, "REBREW": {"cn2_z": [-0.4317806777602366, -0.42628949739729277, 0.6924455487262358, 1.6578283781633443, 0.05721341808323992, -1.5494171698152905], "cn2_y": [-0.4930719369410585, -0.48965620807386706, -0.49063303630281957, -0.48949756896978497, -0.2656433933358249, 2.228502143623355], "cn2_x": [-0.42321334250048365, -0.4554546362279763, -0.4572232272223988, -0.48589374062584884, -0.41365566449113356, 2.2354406110678413], "dm2": [1.6085616693319038, 0.8127608249269139, 0.23437221270282135, -0.45764589184615856, -0.9094593736062563, -1.2885894415092483],